<?xml version="1.0" encoding="UTF-8"?><project-modules id="moduleCoreId" project-version="1.5.0">
    <wb-module deploy-name="BaiTest1_Nghi-0.0.1-SNAPSHOT">
        <wb-resource deploy-path="/" source-path="/target/m2e-wtp/web-resources"/>
        <wb-resource deploy-path="/" source-path="/src/main/webapp" tag="defaultRootSource"/>
        <wb-resource deploy-path="/WEB-INF/classes" source-path="/src/main/java"/>
        <wb-resource deploy-path="/WEB-INF/classes" source-path="/src/main/resources"/>
        <property name="context-root" value="BaiTest1_Nghi"/>
        <property name="java-output-path" value="/BaiTest1_Nghi/build/classes"/>
    </wb-module>
</project-modules>
